# t;w;x;y;z;ax;ay;az
1041.00000;0.02000;0.26000;0.96000;0.00000;0.00000;0.00000;0.00000
1065.00000;0.02000;0.26000;0.96000;0.00000;0.00002;-0.00001;0.00001
1089.00000;0.02000;0.26000;0.96000;0.00000;0.00007;-0.00004;0.00005
1112.00000;0.02000;0.26000;0.96000;0.00000;0.00015;-0.00009;0.00011
1137.00000;0.02000;0.26000;0.96000;0.00000;0.00027;-0.00017;0.00019
1161.00000;0.02000;0.26000;0.96000;0.00000;0.00042;-0.00027;0.00030
1185.00000;0.02000;0.26000;0.96000;0.00000;0.00060;-0.00039;0.00042
1209.00000;0.02000;0.26000;0.96000;0.00000;0.00081;-0.00053;0.00057
1232.00000;0.02000;0.26000;0.96000;0.00000;0.00104;-0.00068;0.00073
1257.00000;0.02000;0.26000;0.96000;0.00000;0.00132;-0.00087;0.00092
1280.00000;0.02000;0.26000;0.96000;0.00000;0.00161;-0.00107;0.00111
1304.00000;0.02000;0.26000;0.96000;0.00000;0.00194;-0.00130;0.00133
1328.00000;0.02000;0.26000;0.96000;0.00000;0.00230;-0.00155;0.00156
1355.00000;0.02000;0.26000;0.96000;0.00000;0.00274;-0.00185;0.00184
1380.00000;0.02000;0.26000;0.96000;0.00000;0.00317;-0.00216;0.00212
1405.00000;0.02000;0.26000;0.96000;0.00000;0.00364;-0.00250;0.00243
1429.00000;0.02000;0.26000;0.96000;0.00000;0.00411;-0.00285;0.00273
1461.00000;0.02000;0.26000;0.96000;0.00000;0.00479;-0.00335;0.00317
1485.00000;0.02000;0.26000;0.96000;0.00000;0.00533;-0.00376;0.00352
1511.00000;0.02000;0.26000;0.96000;0.00000;0.00596;-0.00423;0.00392
1534.00000;0.02000;0.26000;0.96000;0.00000;0.00653;-0.00467;0.00429
1557.00000;0.02000;0.26000;0.96000;0.00000;0.00714;-0.00513;0.00467
1581.00000;0.02000;0.26000;0.96000;0.00000;0.00780;-0.00564;0.00509
1606.00000;0.02000;0.26000;0.96000;0.00000;0.00852;-0.00621;0.00555
1631.00000;0.02000;0.26000;0.96000;0.00000;0.00927;-0.00680;0.00602
1653.00000;0.02000;0.26000;0.96000;0.00000;0.00996;-0.00735;0.00645
1675.00000;0.02000;0.26000;0.96000;0.00000;0.01068;-0.00793;0.00690
1699.00000;0.02000;0.26000;0.96000;0.00000;0.01149;-0.00859;0.00739
1724.00000;0.02000;0.26000;0.96000;0.00000;0.01237;-0.00931;0.00792
1746.00000;0.02000;0.26000;0.96000;0.00000;0.01317;-0.00997;0.00840
1770.00000;0.02000;0.26000;0.96000;0.00000;0.01407;-0.01071;0.00893
1795.00000;0.02000;0.26000;0.96000;0.00000;0.01504;-0.01153;0.00949
1819.00000;0.02000;0.26000;0.96000;0.00000;0.01600;-0.01234;0.01005
1841.00000;0.02000;0.26000;0.96000;0.00000;0.01691;-0.01312;0.01058
1866.00000;0.02000;0.26000;0.96000;0.00000;0.01797;-0.01403;0.01118
1901.00000;0.02000;0.26000;0.96000;0.00000;0.01950;-0.01537;0.01206
1926.00000;0.02000;0.26000;0.96000;0.00000;0.02063;-0.01637;0.01270
1950.00000;0.02000;0.26000;0.96000;0.00000;0.02174;-0.01736;0.01333
1988.00000;0.02000;0.26000;0.96000;0.00000;0.02357;-0.01900;0.01437
2011.00000;0.02000;0.26000;0.96000;0.00000;0.02471;-0.02004;0.01501
2036.00000;0.02000;0.26000;0.96000;0.00000;0.02598;-0.02119;0.01572
2059.00000;0.02000;0.26000;0.96000;0.00000;0.02717;-0.02229;0.01639
2083.00000;0.02000;0.26000;0.96000;0.00000;0.02844;-0.02346;0.01711
2108.00000;0.02000;0.26000;0.96000;0.00000;0.02980;-0.02471;0.01787
2132.00000;0.02000;0.26000;0.96000;0.00000;0.03114;-0.02595;0.01861
2155.00000;0.02000;0.26000;0.96000;0.00000;0.03244;-0.02715;0.01935
2178.00000;0.02000;0.26000;0.96000;0.00000;0.03377;-0.02839;0.02009
2204.00000;0.02000;0.26000;0.96000;0.00000;0.03531;-0.02981;0.02096
2228.00000;0.02000;0.26000;0.96000;0.00000;0.03675;-0.03116;0.02177
2250.00000;0.01971;0.26000;0.96000;0.00000;0.03810;-0.03241;0.02254
2275.00000;0.01943;0.26000;0.96000;0.00000;0.03967;-0.03386;0.02343
2311.00000;0.01914;0.26000;0.96000;0.00000;0.04197;-0.03601;0.02474
2335.00000;0.01886;0.26000;0.96000;0.00000;0.04353;-0.03747;0.02564
2359.00000;0.01857;0.26000;0.96000;0.00000;0.04512;-0.03895;0.02656
2383.00000;0.01829;0.26000;0.96000;0.00000;0.04673;-0.04046;0.02749
2407.00000;0.01800;0.26000;0.96000;0.00000;0.04836;-0.04200;0.02845
2430.00000;0.01771;0.26000;0.96000;0.00000;0.04994;-0.04349;0.02938
2455.00000;0.01743;0.26000;0.96000;0.00000;0.05168;-0.04513;0.03042
2478.00000;0.01714;0.26000;0.96000;0.00000;0.05330;-0.04667;0.03139
2503.00000;0.01686;0.26000;0.96000;0.00000;0.05507;-0.04836;0.03247
2527.00000;0.01657;0.26000;0.96000;0.00000;0.05679;-0.05000;0.03353
2550.00000;0.01629;0.26000;0.96000;0.00000;0.05845;-0.05159;0.03457
2575.00000;0.01600;0.26000;0.96000;0.00000;0.06027;-0.05335;0.03573
2600.00000;0.01571;0.26000;0.96000;0.00000;0.06210;-0.05512;0.03691
2658.00000;0.01543;0.26000;0.96000;0.00000;0.06639;-0.05931;0.03975
2680.00000;0.01514;0.26000;0.96000;0.00000;0.06803;-0.06093;0.04087
2710.00000;0.01486;0.26000;0.96000;0.00000;0.07028;-0.06315;0.04242
2735.00000;0.01457;0.26000;0.96000;0.00000;0.07217;-0.06502;0.04374
2759.00000;0.01429;0.26000;0.96000;0.00000;0.07399;-0.06683;0.04504
2782.00000;0.01400;0.26000;0.96000;0.00000;0.07574;-0.06858;0.04630
2806.00000;0.01371;0.26000;0.96000;0.00000;0.07757;-0.07042;0.04765
2831.00000;0.01343;0.26000;0.96000;0.00000;0.07948;-0.07235;0.04907
2854.00000;0.01314;0.26000;0.96000;0.00000;0.08124;-0.07413;0.05041
2877.00000;0.01286;0.26000;0.96000;0.00000;0.08301;-0.07593;0.05176
2901.00000;0.01257;0.26000;0.96000;0.00000;0.08486;-0.07783;0.05321
2926.00000;0.01229;0.26000;0.96000;0.00000;0.08679;-0.07981;0.05474
2950.00000;0.01200;0.26000;0.96000;0.00000;0.08864;-0.08173;0.05623
2977.00000;0.01171;0.26000;0.96000;0.00000;0.09072;-0.08390;0.05795
3001.00000;0.01143;0.26000;0.96000;0.00000;0.09257;-0.08585;0.05950
3025.00000;0.01114;0.26000;0.96000;0.00000;0.09442;-0.08780;0.06108
3049.00000;0.01086;0.26000;0.96000;0.00000;0.09626;-0.08977;0.06268
3072.00000;0.01057;0.26000;0.96000;0.00000;0.09803;-0.09167;0.06423
3096.00000;0.01029;0.26000;0.96000;0.00000;0.09986;-0.09367;0.06587
3130.00000;0.01000;0.26000;0.96000;0.00000;0.10245;-0.09651;0.06823
3153.00000;0.01000;0.26000;0.96000;0.00000;0.10420;-0.09845;0.06985
3178.00000;0.01000;0.26000;0.96000;0.00000;0.10608;-0.10057;0.07162
3201.00000;0.01000;0.26000;0.96000;0.00000;0.10781;-0.10253;0.07328
3226.00000;0.01000;0.26000;0.96000;0.00000;0.10969;-0.10467;0.07509
3249.00000;0.01000;0.26000;0.96000;0.00000;0.11140;-0.10665;0.07677
3273.00000;0.01000;0.26000;0.96000;0.00000;0.11318;-0.10873;0.07854
3300.00000;0.01000;0.26000;0.96000;0.00000;0.11518;-0.11107;0.08055
3324.00000;0.01000;0.26000;0.96000;0.00000;0.11694;-0.11316;0.08235
3349.00000;0.01000;0.26000;0.96000;0.00000;0.11877;-0.11535;0.08425
3373.00000;0.01000;0.26000;0.96000;0.00000;0.12052;-0.11746;0.08609
3395.00000;0.01000;0.26000;0.96000;0.00000;0.12212;-0.11940;0.08778
3419.00000;0.01000;0.26000;0.96000;0.00000;0.12385;-0.12152;0.08965
3444.00000;0.01000;0.26000;0.96000;0.00000;0.12564;-0.12374;0.09162
3468.00000;0.01000;0.26000;0.96000;0.00000;0.12735;-0.12587;0.09352
3490.00000;0.01000;0.26000;0.96000;0.00000;0.12891;-0.12782;0.09527
3515.00000;0.01000;0.26000;0.96000;0.00000;0.13068;-0.13005;0.09728
3551.00000;0.01000;0.26000;0.96000;0.00000;0.13320;-0.13326;0.10020
3574.00000;0.01000;0.26000;0.96000;0.00000;0.13480;-0.13531;0.10208
3597.00000;0.01000;0.26000;0.96000;0.00000;0.13639;-0.13736;0.10397
3624.00000;0.01000;0.26000;0.96000;0.00000;0.13824;-0.13976;0.10620
3650.00000;0.01000;0.26000;0.96000;0.00000;0.14001;-0.14208;0.10837
3672.00000;0.01000;0.26000;0.96000;0.00000;0.14150;-0.14404;0.11021
3694.00000;0.01000;0.26000;0.96000;0.00000;0.14297;-0.14599;0.11206
3719.00000;0.01000;0.26000;0.96000;0.00000;0.14463;-0.14821;0.11418
3744.00000;0.01000;0.26000;0.96000;0.00000;0.14628;-0.15042;0.11630
3767.00000;0.01000;0.26000;0.96000;0.00000;0.14778;-0.15245;0.11827
3789.00000;0.01000;0.26000;0.96000;0.00000;0.14920;-0.15439;0.12016
3815.00000;0.01000;0.26000;0.96000;0.00000;0.15087;-0.15667;0.12241
3839.00000;0.01000;0.26000;0.96000;0.00000;0.15239;-0.15877;0.12450
3862.00000;0.01000;0.26000;0.96000;0.00000;0.15384;-0.16077;0.12651
3884.00000;0.01000;0.26000;0.96000;0.00000;0.15521;-0.16269;0.12845
3909.00000;0.01000;0.26000;0.96000;0.00000;0.15676;-0.16485;0.13068
3937.00000;0.01000;0.26000;0.96000;0.00000;0.15847;-0.16726;0.13319
3970.00000;0.01000;0.26000;0.96000;0.00000;0.16048;-0.17008;0.13618
3994.00000;0.01000;0.26000;0.96000;0.00000;0.16192;-0.17212;0.13838
4019.00000;0.01000;0.26000;0.96000;0.00000;0.16341;-0.17423;0.14069
4042.00000;0.01000;0.26000;0.96000;0.00000;0.16476;-0.17616;0.14283
4065.00000;0.01000;0.26000;0.96000;0.00000;0.16611;-0.17808;0.14499
4089.00000;0.01000;0.26000;0.96000;0.00000;0.16751;-0.18006;0.14727
4114.00000;0.01000;0.26000;0.96000;0.00000;0.16895;-0.18212;0.14967
4137.00000;0.01000;0.26000;0.96000;0.00000;0.17027;-0.18399;0.15191
4160.00000;0.01000;0.26000;0.96000;0.00000;0.17157;-0.18586;0.15416
4183.00000;0.01000;0.26000;0.96000;0.00000;0.17286;-0.18770;0.15644
4209.00000;0.01000;0.26000;0.96000;0.00000;0.17431;-0.18977;0.15905
4233.00000;0.01000;0.26000;0.96000;0.00000;0.17564;-0.19166;0.16148
4259.00000;0.01000;0.26000;0.96000;0.00000;0.17706;-0.19369;0.16414
4283.00000;0.01000;0.26000;0.96000;0.00000;0.17835;-0.19554;0.16662
4306.00000;0.01000;0.26000;0.96000;0.00000;0.17959;-0.19730;0.16902
4330.00000;0.01000;0.26000;0.96000;0.00000;0.18086;-0.19911;0.17155
4354.00000;0.01000;0.26000;0.96000;0.00000;0.18212;-0.20091;0.17411
4378.00000;0.01000;0.26000;0.96000;0.00000;0.18337;-0.20269;0.17669
4410.00000;0.01000;0.26000;0.96000;0.00000;0.18502;-0.20503;0.18017
4433.00000;0.01000;0.26000;0.96000;0.00000;0.18619;-0.20669;0.18269
4457.00000;0.01000;0.26000;0.96000;0.00000;0.18740;-0.20841;0.18535
4480.00000;0.01000;0.26000;0.96000;0.00000;0.18854;-0.21004;0.18792
4504.00000;0.01000;0.26000;0.96000;0.00000;0.18972;-0.21172;0.19063
4527.00000;0.01000;0.26000;0.96000;0.00000;0.19084;-0.21331;0.19325
4552.00000;0.01000;0.26000;0.96000;0.00000;0.19205;-0.21502;0.19612
4579.00000;0.01000;0.26000;0.96000;0.00000;0.19334;-0.21684;0.19925
4602.00000;0.01000;0.26000;0.96000;0.00000;0.19442;-0.21837;0.20194
4627.00000;0.01000;0.26000;0.96000;0.00000;0.19559;-0.22001;0.20490
4650.00000;0.01000;0.26000;0.96000;0.00000;0.19664;-0.22149;0.20764
4673.00000;0.01000;0.26000;0.96000;0.00000;0.19769;-0.22296;0.21040
4697.00000;0.01000;0.26000;0.96000;0.00000;0.19877;-0.22446;0.21331
4722.00000;0.01000;0.26000;0.96000;0.00000;0.19987;-0.22600;0.21636
4746.00000;0.01000;0.26000;0.96000;0.00000;0.20092;-0.22745;0.21932
4768.00000;0.01000;0.26000;0.96000;0.00000;0.20186;-0.22876;0.22205
4792.00000;0.01000;0.26000;0.96000;0.00000;0.20288;-0.23016;0.22505
4817.00000;0.01000;0.26000;0.96000;0.00000;0.20392;-0.23159;0.22820
4849.00000;0.01000;0.26000;0.96000;0.00000;0.20523;-0.23339;0.23227
4873.00000;0.01000;0.26000;0.96000;0.00000;0.20618;-0.23470;0.23535
5919.00000;0.01000;0.26000;0.96000;0.00000;0.23061;-0.26573;0.39307
5943.00000;0.01000;0.26000;0.96000;0.00000;0.23077;-0.26584;0.39723
5967.00000;0.01000;0.26000;0.96000;0.00000;0.23092;-0.26592;0.40141
5990.00000;0.01000;0.26000;0.96000;0.00000;0.23104;-0.26598;0.40544
6013.00000;0.01000;0.26000;0.96000;0.00000;0.23114;-0.26601;0.40949
6038.00000;0.01000;0.26000;0.96000;0.00000;0.23124;-0.26601;0.41392
6063.00000;0.01000;0.26000;0.96000;0.00000;0.23131;-0.26598;0.41837
6087.00000;0.01000;0.26000;0.96000;0.00000;0.23137;-0.26592;0.42268
6139.00000;0.01000;0.26000;0.96000;0.00000;0.23142;-0.26570;0.43208
6165.00000;0.01000;0.26000;0.96000;0.00000;0.23141;-0.26554;0.43683
6189.00000;0.01000;0.26000;0.96000;0.00000;0.23138;-0.26537;0.44124
6212.00000;0.01000;0.26000;0.96000;0.00000;0.23134;-0.26518;0.44549
6234.00000;0.01000;0.26000;0.96000;0.00000;0.23128;-0.26497;0.44957
6269.00000;0.01000;0.26000;0.96000;0.00000;0.23115;-0.26459;0.45612
6293.00000;0.01000;0.26000;0.96000;0.00000;0.23103;-0.26429;0.46063
6315.00000;0.01000;0.26000;0.96000;0.00000;0.23091;-0.26400;0.46480
6339.00000;0.01000;0.26000;0.96000;0.00000;0.23075;-0.26365;0.46937
6363.00000;0.01000;0.26000;0.96000;0.00000;0.23057;-0.26327;0.47396
6387.00000;0.01000;0.26000;0.96000;0.00000;0.23038;-0.26287;0.47858
6410.00000;0.01000;0.26000;0.96000;0.00000;0.23017;-0.26245;0.48304
6434.00000;0.01000;0.26000;0.96000;0.00000;0.22993;-0.26199;0.48771
6459.00000;0.01000;0.26000;0.96000;0.00000;0.22966;-0.26148;0.49261
6482.00000;0.01000;0.26000;0.96000;0.00000;0.22939;-0.26098;0.49714
6505.00000;0.01000;0.26000;0.96000;0.00000;0.22910;-0.26046;0.50169
6529.00000;0.01000;0.26000;0.96000;0.00000;0.22877;-0.25988;0.50647
6554.00000;0.01000;0.26000;0.96000;0.00000;0.22841;-0.25925;0.51147
6577.00000;0.01000;0.26000;0.96000;0.00000;0.22805;-0.25865;0.51609
6604.00000;0.01000;0.26000;0.96000;0.00000;0.22760;-0.25791;0.52155
6628.00000;0.01000;0.26000;0.96000;0.00000;0.22718;-0.25722;0.52643
6652.00000;0.01000;0.26000;0.96000;0.00000;0.22674;-0.25650;0.53133
6676.00000;0.01000;0.26000;0.96000;0.00000;0.22627;-0.25577;0.53623
6709.00000;0.01029;0.29000;0.89629;0.00000;0.22560;-0.25471;0.54275
6732.00000;0.01029;0.29000;0.89629;0.00000;0.22511;-0.25394;0.54705
6756.00000;0.01029;0.29000;0.89629;0.00000;0.22458;-0.25311;0.55129
6779.00000;0.01029;0.29000;0.89629;0.00000;0.22406;-0.25229;0.55512
6804.00000;0.01029;0.29000;0.89629;0.00000;0.22348;-0.25137;0.55900
6827.00000;0.01029;0.29000;0.89629;0.00000;0.22292;-0.25050;0.56233
6851.00000;0.01029;0.29000;0.89629;0.00000;0.22233;-0.24956;0.56554
6874.00000;0.01029;0.29000;0.89629;0.00000;0.22175;-0.24864;0.56838
6898.00000;0.01029;0.29000;0.89629;0.00000;0.22112;-0.24764;0.57110
6925.00000;0.01029;0.29000;0.89629;0.00000;0.22039;-0.24649;0.57384
6948.00000;0.01029;0.29000;0.89629;0.00000;0.21975;-0.24548;0.57592
6974.00000;0.01029;0.29000;0.89629;0.00000;0.21901;-0.24430;0.57798
6997.00000;0.01029;0.29000;0.89629;0.00000;0.21833;-0.24323;0.57956
7020.00000;0.01029;0.29000;0.89629;0.00000;0.21764;-0.24213;0.58090
7043.00000;0.01029;0.29000;0.89629;0.00000;0.21692;-0.24101;0.58200
7069.00000;0.01029;0.29000;0.89629;0.00000;0.21609;-0.23970;0.58297
7094.00000;0.01029;0.29000;0.89629;0.00000;0.21527;-0.23842;0.58361
7114.00000;0.01029;0.29000;0.89629;0.00000;0.21460;-0.23736;0.58393
7149.00000;0.01000;0.29000;0.89629;0.00000;0.21338;-0.23546;0.58406
7173.00000;0.00971;0.29000;0.89629;0.00000;0.21252;-0.23412;0.58383
7197.00000;0.00943;0.29000;0.89629;0.00000;0.21163;-0.23275;0.58334
7220.00000;0.00914;0.29000;0.89629;0.00000;0.21076;-0.23140;0.58264
7248.00000;0.00886;0.29000;0.89629;0.00000;0.20966;-0.22972;0.58147
7273.00000;0.00857;0.29000;0.89629;0.00000;0.20864;-0.22819;0.58013
7295.00000;0.00829;0.29000;0.89629;0.00000;0.20771;-0.22681;0.57873
7318.00000;0.00800;0.29000;0.89629;0.00000;0.20671;-0.22533;0.57704
7343.00000;0.00771;0.29000;0.89629;0.00000;0.20558;-0.22370;0.57493
7368.00000;0.00743;0.29000;0.89629;0.00000;0.20442;-0.22202;0.57255
7391.00000;0.00714;0.29000;0.89629;0.00000;0.20331;-0.22045;0.57012
7413.00000;0.00686;0.29000;0.89629;0.00000;0.20222;-0.21892;0.56758
7439.00000;0.00657;0.29000;0.89629;0.00000;0.20088;-0.21708;0.56431
7463.00000;0.00629;0.29000;0.89629;0.00000;0.19960;-0.21534;0.56102
7486.00000;0.00600;0.29000;0.89629;0.00000;0.19833;-0.21364;0.55763
7508.00000;0.00571;0.29000;0.89629;0.00000;0.19708;-0.21199;0.55418
7534.00000;0.00543;0.29000;0.89629;0.00000;0.19554;-0.21000;0.54986
7569.00000;0.00486;0.26229;0.87714;-0.00457;0.19326;-0.20718;0.54379
7591.00000;0.00457;0.26229;0.87714;-0.00457;0.19161;-0.20526;0.53985
7615.00000;0.00429;0.26229;0.87714;-0.00457;0.18954;-0.20301;0.53544
7640.00000;0.00400;0.26229;0.87714;-0.00457;0.18709;-0.20048;0.53071
7664.00000;0.00371;0.26229;0.87714;-0.00457;0.18447;-0.19788;0.52606
7686.00000;0.00343;0.26229;0.87714;-0.00457;0.18181;-0.19534;0.52168
7710.00000;0.00314;0.26229;0.87714;-0.00457;0.17865;-0.19242;0.51679
7736.00000;0.00286;0.26229;0.87714;-0.00457;0.17490;-0.18905;0.51136
7759.00000;0.00257;0.26229;0.87714;-0.00457;0.17131;-0.18591;0.50642
7782.00000;0.00229;0.26229;0.87714;-0.00457;0.16746;-0.18261;0.50138
7805.00000;0.00229;0.26229;0.87714;-0.00457;0.16335;-0.17916;0.49621
7831.00000;0.00229;0.26229;0.87714;-0.00457;0.15838;-0.17507;0.49023
7854.00000;0.00229;0.26229;0.87714;-0.00457;0.15370;-0.17128;0.48482
7881.00000;0.00229;0.26229;0.87714;-0.00457;0.14787;-0.16664;0.47832
7906.00000;0.00229;0.26229;0.87714;-0.00457;0.14215;-0.16216;0.47216
7929.00000;0.00229;0.26229;0.87714;-0.00457;0.13660;-0.15787;0.46637
7953.00000;0.00229;0.26229;0.87714;-0.00457;0.13052;-0.15324;0.46021
7977.00000;0.00229;0.26229;0.87714;-0.00457;0.12415;-0.14843;0.45392
8008.00000;0.00257;0.26229;0.87743;0.05086;0.11569;-0.14206;0.44542
8032.00000;0.00286;0.26229;0.87743;0.05086;0.10918;-0.13708;0.43829
8056.00000;0.00314;0.26229;0.87743;0.05086;0.10285;-0.13211;0.43055
8080.00000;0.00343;0.26229;0.87743;0.05086;0.09670;-0.12717;0.42219
8103.00000;0.00371;0.26229;0.87743;0.05086;0.09098;-0.12244;0.41359
8128.00000;0.00400;0.26229;0.87743;0.05086;0.08494;-0.11732;0.40361
8151.00000;0.00429;0.26229;0.87743;0.05086;0.07955;-0.11262;0.39383
8175.00000;0.00457;0.26229;0.87743;0.05086;0.07411;-0.10774;0.38303
8202.00000;0.00486;0.26229;0.87743;0.05086;0.06820;-0.10227;0.37013
8226.00000;0.00514;0.26229;0.87743;0.05086;0.06314;-0.09743;0.35801
8251.00000;0.00543;0.26229;0.87743;0.05086;0.05807;-0.09240;0.34472
8274.00000;0.00571;0.26229;0.87743;0.05086;0.05357;-0.08780;0.33191
8297.00000;0.00600;0.26229;0.87743;0.05086;0.04924;-0.08321;0.31854
8321.00000;0.00629;0.26229;0.87743;0.05086;0.04490;-0.07844;0.30397
8346.00000;0.00657;0.26229;0.87743;0.05086;0.04058;-0.07350;0.28815
8371.00000;0.00686;0.26229;0.87743;0.05086;0.03646;-0.06858;0.27165
8393.00000;0.00714;0.26229;0.87743;0.05086;0.03301;-0.06427;0.25657
8417.00000;0.00743;0.26000;0.96029;0.05543;0.02947;-0.05962;0.23957
8447.00000;0.00771;0.26000;0.96029;0.05543;0.02555;-0.05400;0.21760
8472.00000;0.00800;0.26000;0.96029;0.05543;0.02276;-0.04949;0.19873
8500.00000;0.00829;0.26000;0.96029;0.05543;0.02017;-0.04465;0.17698
8556.00000;0.00857;0.26000;0.96029;0.05543;0.01666;-0.03562;0.13156
8580.00000;0.00886;0.26000;0.96029;0.05543;0.01583;-0.03202;0.11131
8605.00000;0.00914;0.26000;0.96029;0.05543;0.01541;-0.02844;0.08972
8628.00000;0.00943;0.26000;0.96029;0.05543;0.01541;-0.02530;0.06940
8651.00000;0.00971;0.26000;0.96029;0.05543;0.01579;-0.02231;0.04866
8677.00000;0.01000;0.26000;0.96029;0.05543;0.01668;-0.01910;0.02470
8700.00000;0.01000;0.26000;0.96029;0.05543;0.01787;-0.01643;0.00305
8723.00000;0.01000;0.26000;0.96029;0.05543;0.01943;-0.01391;-0.01902
8746.00000;0.01000;0.26000;0.96029;0.05543;0.02138;-0.01154;-0.04152
8772.00000;0.01000;0.26000;0.96029;0.05543;0.02405;-0.00904;-0.06747
8798.00000;0.01000;0.26000;0.96029;0.05543;0.02720;-0.00674;-0.09398
8821.00000;0.01000;0.26000;0.96029;0.05543;0.03039;-0.00486;-0.11788
8867.00000;0.01000;0.26000;0.96029;0.05543;0.03792;-0.00156;-0.16699
8891.00000;0.01000;0.26000;0.96029;0.05543;0.04246;-0.00008;-0.19330
8915.00000;0.01000;0.26000;0.96000;0.00000;0.04729;0.00128;-0.21997
8938.00000;0.01000;0.26000;0.96000;0.00000;0.05197;0.00255;-0.24562
8962.00000;0.01000;0.26000;0.96000;0.00000;0.05679;0.00388;-0.27238
8987.00000;0.01000;0.26000;0.96000;0.00000;0.06173;0.00527;-0.30023
9012.00000;0.01000;0.26000;0.96000;0.00000;0.06660;0.00668;-0.32806
9034.00000;0.01000;0.26000;0.96000;0.00000;0.07082;0.00792;-0.35253
9058.00000;0.01000;0.26000;0.96000;0.00000;0.07536;0.00929;-0.37922
9083.00000;0.01000;0.26000;0.96000;0.00000;0.08002;0.01072;-0.40699
9107.00000;0.01000;0.26000;0.96000;0.00000;0.08442;0.01210;-0.43364
9129.00000;0.01000;0.26000;0.96000;0.00000;0.08839;0.01337;-0.45805
9154.00000;0.01000;0.26000;0.96000;0.00000;0.09283;0.01482;-0.48578
9182.00000;0.01000;0.26000;0.96000;0.00000;0.09771;0.01646;-0.51682
9205.00000;0.01000;0.26000;0.96000;0.00000;0.10165;0.01781;-0.54230
9230.00000;0.01000;0.26000;0.96000;0.00000;0.10586;0.01928;-0.56998
9253.00000;0.01000;0.26000;0.96000;0.00000;0.10966;0.02065;-0.59543
9287.00000;0.01000;0.26000;0.96000;0.00000;0.11515;0.02268;-0.63303
9312.00000;0.01000;0.26000;0.96000;0.00000;0.11910;0.02417;-0.66065
9335.00000;0.01000;0.26000;0.96000;0.00000;0.12266;0.02556;-0.68606
9359.00000;0.01000;0.26000;0.96000;0.00000;0.12631;0.02701;-0.71254
9383.00000;0.00171;0.26200;0.95829;0.00200;0.12986;0.02847;-0.73902
9407.00000;-0.00657;0.26400;0.95629;0.00400;0.13327;0.02998;-0.76551
9431.00000;-0.01486;0.26600;0.95429;0.00600;0.13646;0.03157;-0.79203
9455.00000;-0.02343;0.26800;0.95229;0.00800;0.13935;0.03330;-0.81862
9479.00000;-0.03200;0.26971;0.95029;0.01000;0.14187;0.03519;-0.84528
9507.00000;-0.04086;0.27143;0.94829;0.01200;0.14423;0.03766;-0.87651
9532.00000;-0.04971;0.27314;0.94629;0.01400;0.14573;0.04017;-0.90452
9554.00000;-0.05857;0.27486;0.94429;0.01600;0.14650;0.04263;-0.92927
9578.00000;-0.06771;0.27657;0.94229;0.01800;0.14667;0.04566;-0.95638
9603.00000;-0.07686;0.27829;0.94029;0.02000;0.14604;0.04921;-0.98475
9627.00000;-0.08629;0.28000;0.93829;0.02200;0.14455;0.05306;-1.01209
9649.00000;-0.09571;0.28171;0.93629;0.02400;0.14237;0.05700;-1.03725
9674.00000;-0.10514;0.28343;0.93429;0.02600;0.13886;0.06200;-1.06593
9707.00000;-0.11486;0.28486;0.93200;0.02771;0.13242;0.06946;-1.10381
9730.00000;-0.12743;0.28571;0.92886;0.02914;0.12666;0.07519;-1.13013
9754.00000;-0.14000;0.28657;0.92571;0.03057;0.11944;0.08165;-1.15746
9777.00000;-0.15286;0.28743;0.92257;0.03200;0.11127;0.08834;-1.18349
10808.00000;-0.16571;0.28829;0.91914;0.03343;-1.65985;0.96468;-2.15053
10834.00000;-0.17886;0.28914;0.91571;0.03486;-1.74016;1.00141;-2.16983
10857.00000;-0.19200;0.29000;0.91229;0.03629;-1.81281;1.03458;-2.18664
10882.00000;-0.20543;0.29086;0.90886;0.03771;-1.89360;1.07140;-2.20459
10907.00000;-0.21886;0.29171;0.90514;0.03914;-1.97641;1.10908;-2.22214
10931.00000;-0.23257;0.29257;0.90143;0.04057;-2.05789;1.14611;-2.23858
10953.00000;-0.24629;0.29343;0.89771;0.04200;-2.13439;1.18084;-2.25323
10979.00000;-0.26000;0.29429;0.89400;0.04343;-2.22713;1.22290;-2.26996
11003.00000;-0.27400;0.29514;0.89000;0.04486;-2.31510;1.26277;-2.28476
11026.00000;-0.28800;0.29600;0.88600;0.04600;-2.40161;1.30197;-2.29829
11048.00000;-0.30229;0.29686;0.88200;0.04714;-2.48648;1.34040;-2.31055
11074.00000;-0.31657;0.29771;0.87800;0.04829;-2.58955;1.38708;-2.32408
11099.00000;-0.33086;0.29857;0.87400;0.04943;-2.69158;1.43329;-2.33600
11125.00000;-0.34543;0.29943;0.87000;0.05057;-2.80086;1.48280;-2.34712
11157.00000;-0.36257;0.29971;0.86429;0.05171;-2.93991;1.54585;-2.35883
11181.00000;-0.37971;0.30000;0.85857;0.05286;-3.04761;1.59472;-2.36604
11206.00000;-0.39686;0.30029;0.85286;0.05400;-3.16301;1.64712;-2.37196
11228.00000;-0.41400;0.30029;0.84714;0.05514;-3.26736;1.69455;-2.37570
11253.00000;-0.42314;0.29829;0.84286;0.05429;-3.38921;1.74998;-2.37813
11278.00000;-0.43229;0.29629;0.83886;0.05343;-3.51460;1.80704;-2.37854
11302.00000;-0.44143;0.29429;0.83486;0.05257;-3.63836;1.86336;-2.37695
11325.00000;-0.45057;0.29229;0.83086;0.05171;-3.76013;1.91874;-2.37354
11348.00000;-0.45971;0.29057;0.82657;0.05086;-3.88505;1.97550;-2.36822
11374.00000;-0.46857;0.28886;0.82229;0.05000;-4.03010;2.04132;-2.35983
11401.00000;-0.47743;0.28714;0.81800;0.04914;-4.18510;2.11154;-2.34835
11425.00000;-0.48657;0.28543;0.81371;0.04829;-4.32667;2.17556;-2.33569
11449.00000;-0.49543;0.28371;0.80914;0.04743;-4.47187;2.24108;-2.32065
11473.00000;-0.50457;0.28200;0.80457;0.04657;-4.62074;2.30811;-2.30314
11497.00000;-0.51343;0.28029;0.80000;0.04571;-4.77332;2.37666;-2.28308
11521.00000;-0.52257;0.27857;0.79514;0.04486;-4.92966;2.44672;-2.26038
11545.00000;-0.53400;0.27543;0.78857;0.04400;-5.08982;2.51831;-2.23495
11577.00000;-0.54514;0.27257;0.78200;0.04343;-5.30945;2.61621;-2.19662
11600.00000;-0.55343;0.27029;0.77629;0.04314;-5.47170;2.68842;-2.16587
11625.00000;-0.56200;0.26800;0.77057;0.04286;-5.65234;2.76873;-2.12933
11648.00000;-0.57029;0.26571;0.76486;0.04257;-5.82249;2.84427;-2.09276
11673.00000;-0.57857;0.26343;0.75914;0.04229;-6.01178;2.92821;-2.04974
11701.00000;-0.58686;0.26114;0.75343;0.04200;-6.22923;3.02447;-1.99739
11725.00000;-0.59514;0.25886;0.74771;0.04171;-6.42022;3.10887;-1.94893
11748.00000;-0.60314;0.25629;0.74200;0.04143;-6.60728;3.19139;-1.89930
11771.00000;-0.61114;0.25371;0.73629;0.04114;-6.79829;3.27552;-1.84644
11797.00000;-0.61914;0.25114;0.73057;0.04086;-7.01903;3.37255;-1.78272
11821.00000;-0.62714;0.24857;0.72486;0.04086;-7.22733;3.46394;-1.72004
11844.00000;-0.63514;0.24571;0.71886;0.04086;-7.43107;3.55314;-1.65642
11867.00000;-0.64286;0.24286;0.71314;0.04086;-7.63884;3.64395;-1.58922
11893.00000;-0.65086;0.24000;0.70743;0.04114;-7.87860;3.74851;-1.50882
11918.00000;-0.65857;0.23714;0.70143;0.04171;-8.11404;3.85096;-1.42698
11941.00000;-0.66629;0.23429;0.69543;0.04229;-8.33490;3.94687;-1.34766
12017.00000;-0.67629;0.23143;0.68629;0.04257;-9.09384;4.27498;-1.05721
12042.00000;-0.68600;0.22857;0.67686;0.04286;-9.35328;4.38667;-0.95202
12064.00000;-0.69343;0.22629;0.66914;0.04314;-9.58561;4.48649;-0.85538
12087.00000;-0.70086;0.22400;0.66143;0.04343;-9.83251;4.59238;-0.75016
12112.00000;-0.70829;0.22171;0.65343;0.04371;-10.10555;4.70924;-0.63086
12137.00000;-0.71571;0.21971;0.64543;0.04400;-10.38344;4.82795;-0.50630
12159.00000;-0.72286;0.21771;0.63743;0.04429;-10.63200;4.93394;-0.39226
12182.00000;-0.73029;0.21571;0.62943;0.04457;-10.89586;5.04628;-0.26853
12207.00000;-0.73771;0.21371;0.62143;0.04486;-11.18730;5.17015;-0.12868
12233.00000;-0.74486;0.21171;0.61343;0.04514;-11.49553;5.30092;0.02278
12256.00000;-0.75200;0.20971;0.60543;0.04543;-11.77254;5.41826;0.16197
12278.00000;-0.75914;0.20771;0.59743;0.04571;-12.04131;5.53194;0.29979
12308.00000;-0.76629;0.20571;0.58943;0.04600;-12.41381;5.68924;0.49525
12331.00000;-0.75200;0.20486;0.53371;0.09771;-12.70401;5.81173;0.65113
12354.00000;-0.73771;0.20429;0.47829;0.15143;-12.99804;5.93615;0.81252
12377.00000;-0.72314;0.20371;0.42286;0.09229;-13.29554;6.06259;0.97962
12403.00000;-0.70857;0.20314;0.36743;0.10257;-13.63546;6.20809;1.17545
12437.00000;-0.71686;0.20057;0.35600;0.10286;-14.08530;6.40299;1.44280
12459.00000;-0.72286;0.19914;0.34600;0.10314;-14.37950;6.53201;1.62270
12483.00000;-0.72886;0.19771;0.33600;0.10371;-14.70315;6.67535;1.82529
12508.00000;-0.73514;0.19629;0.32600;0.10429;-15.04321;6.82752;2.04347
12532.00000;-0.74114;0.19486;0.31571;0.10486;-15.37238;6.97634;2.25991
12555.00000;-0.74714;0.19343;0.30543;0.10543;-15.69024;7.12146;2.47386
12579.00000;-0.75314;0.19200;0.29514;0.10600;-16.02433;7.27549;2.70403
12607.00000;-0.75886;0.19057;0.28457;0.10657;-16.41706;7.45853;2.98167
12630.00000;-0.76486;0.18914;0.27400;0.10714;-16.74196;7.61156;3.21715
12655.00000;-0.77086;0.18800;0.26314;0.10771;-17.09733;7.78062;3.48084
12678.00000;-0.77686;0.18686;0.25229;0.10829;-17.42621;7.93864;3.73065
12703.00000;-0.78257;0.18543;0.24143;0.10886;-17.78567;8.11309;4.01014
12727.00000;-0.78829;0.18400;0.23029;0.10914;-18.13256;8.28318;4.28637
12753.00000;-0.79400;0.18286;0.21943;0.10943;-18.51025;8.47031;4.59451
12778.00000;-0.80000;0.18171;0.20829;0.10971;-18.87512;8.65303;4.89962
12812.00000;-0.80571;0.18057;0.19686;0.11000;-19.37380;8.90588;5.32865
12834.00000;-0.81143;0.17943;0.18571;0.11000;-19.69786;9.07214;5.61500
12866.00000;-0.81800;0.17657;0.16829;0.11029;-20.17091;9.31763;6.04396
12892.00000;-0.82229;0.17371;0.15400;0.11086;-20.55653;9.52025;6.40346
12915.00000;-0.82657;0.17086;0.13971;0.11143;-20.89842;9.70179;6.72976
12941.00000;-0.83057;0.16771;0.12514;0.11200;-21.28558;9.90957;7.10806
12965.00000;-0.83457;0.16457;0.11057;0.11257;-21.64342;10.10372;7.46622
12989.00000;-0.83857;0.16143;0.09600;0.11314;-22.00151;10.30007;7.83305
13011.00000;-0.84257;0.15829;0.08114;0.11371;-22.32985;10.48195;8.17698
13036.00000;-0.84657;0.15514;0.06657;0.11429;-22.70286;10.69077;8.57677
13061.00000;-0.85029;0.15200;0.05171;0.11486;-23.07557;10.90180;8.98615
13084.00000;-0.85400;0.14857;0.03686;0.11571;-23.41804;11.09786;9.37130
13107.00000;-0.85771;0.14514;0.02171;0.11657;-23.75993;11.29568;9.76466
13132.00000;-0.86143;0.14171;0.00686;0.11743;-24.13070;11.51264;10.20159
13157.00000;-0.86514;0.13829;-0.00829;0.11829;-24.50040;11.73155;10.64831
13182.00000;-0.86886;0.13486;-0.02343;0.11914;-24.86883;11.95235;11.10486
13207.00000;-0.89371;0.13029;0.00886;0.06857;-25.23609;12.17489;11.57125
13231.00000;-0.91857;0.12543;0.04086;0.01600;-25.58812;12.39001;12.02816
13256.00000;-0.94343;0.12057;0.07286;0.07629;-25.95498;12.61557;12.51376
13286.00000;-0.96829;0.11571;0.10457;0.06714;-26.39617;12.88802;13.10974
13310.00000;-0.96971;0.11286;0.09143;0.06714;-26.75011;13.10708;13.59691
13335.00000;-0.97114;0.11029;0.07829;0.06714;-27.11970;13.33613;14.11412
13359.00000;-0.97257;0.10743;0.06543;0.06686;-27.47524;13.55681;14.62000
13382.00000;-0.97371;0.10457;0.05229;0.06657;-27.81652;13.76899;15.11343
13406.00000;-0.97486;0.10171;0.03943;0.06629;-28.17310;13.99107;15.63733
13431.00000;-0.97600;0.09886;0.02629;0.06600;-28.54489;14.22309;16.19287
13455.00000;-0.97714;0.09571;0.01343;0.06571;-28.90202;14.44644;16.73562
13475.00000;-0.97829;0.09257;0.00057;0.06543;-29.19971;14.63299;17.19497
13500.00000;-0.97914;0.08943;-0.01229;0.06514;-29.57176;14.86667;17.77820
13524.00000;-0.98000;0.08629;-0.02514;0.06486;-29.92877;15.09145;18.34757
13549.00000;-0.98086;0.08314;-0.03771;0.06457;-30.30035;15.32603;18.95053
13571.00000;-0.98171;0.08029;-0.05057;0.06429;-30.62698;15.53277;19.48946
13596.00000;-0.98229;0.07743;-0.06314;0.06400;-30.99760;15.76802;20.11136
13621.00000;-0.98286;0.07457;-0.07600;0.06371;-31.36750;16.00355;20.74334
13645.00000;-0.98314;0.07171;-0.08857;0.06343;-31.72182;16.22989;21.35953
13668.00000;-0.98343;0.06886;-0.10114;0.06314;-32.06053;16.44697;21.95877
13692.00000;-0.98371;0.06571;-0.11400;0.06286;-32.41298;16.67363;22.59316
13725.00000;-0.98171;0.06371;-0.12457;0.06286;-32.89573;16.98544;23.48062
13753.00000;-0.97971;0.06171;-0.13514;0.06286;-33.30351;17.25010;24.24735
13776.00000;-0.97771;0.05971;-0.14571;0.06286;-33.63714;17.46755;24.88656
13801.00000;-0.97571;0.05771;-0.15600;0.06286;-33.99828;17.70390;25.59094
13824.00000;-0.97371;0.05571;-0.16629;0.06286;-34.32908;17.92132;26.24774
13849.00000;-0.97171;0.05371;-0.17657;0.06286;-34.68697;18.15758;26.97116
13872.00000;-0.96943;0.05171;-0.18657;0.06286;-35.01460;18.37485;27.64542
13897.00000;-0.96714;0.04971;-0.19657;0.06286;-35.36884;18.61088;28.38772
13921.00000;-0.96486;0.04743;-0.20629;0.06286;-35.70698;18.83731;29.10953
13945.00000;-0.96257;0.04543;-0.21600;0.06257;-36.04315;19.06356;29.84029
13969.00000;-0.96029;0.04343;-0.22571;0.06229;-36.37726;19.28958;30.57996
13993.00000;-0.95800;0.04143;-0.23543;0.06200;-36.70921;19.51534;31.32851
14020.00000;-0.95571;0.03943;-0.24486;0.06171;-37.07999;19.76896;32.18116
14046.00000;-0.95343;0.03743;-0.25457;0.06171;-37.43426;20.01280;33.01272
14069.00000;-0.87857;0.03543;-0.25229;0.05886;-37.74527;20.22810;33.75683
14093.00000;-0.79429;0.07286;-0.29714;0.07314;-38.06696;20.45235;34.54152
14116.00000;-0.74971;0.04371;-0.34600;0.09800;-38.37165;20.66679;35.30086
14146.00000;-0.73457;0.06686;-0.38657;0.07657;-38.76226;20.94528;36.30094
14169.00000;-0.76171;0.11943;-0.40743;0.03686;-39.05597;21.15795;37.07456
14192.00000;-0.78971;0.10571;-0.36257;0.06829;-39.34481;21.37035;37.85428
14217.00000;-0.74571;0.13657;-0.37914;0.01429;-39.65388;21.60114;38.70910
14242.00000;-0.74314;0.09286;-0.39857;-0.00114;-39.95814;21.83194;39.57133
14266.00000;-0.73457;0.08714;-0.40143;-0.03086;-40.24563;22.05330;40.40546
14291.00000;-0.67943;0.08171;-0.40400;-0.06057;-40.54012;22.28344;41.28056
14317.00000;-0.69314;0.07657;-0.40657;-0.09057;-40.84078;22.52233;42.19702
14341.00000;-0.63571;0.07171;-0.40886;-0.12057;-41.11306;22.74244;43.04842
14366.00000;-0.60714;0.06714;-0.41114;-0.15057;-41.39107;22.97142;43.94041
14390.00000;-0.60000;0.06257;-0.41314;-0.18057;-41.65237;23.19109;44.80123
14455.00000;-0.62057;0.05829;-0.41514;-0.21057;-42.33245;23.78555;47.15362
14480.00000;-0.60143;0.05429;-0.41686;-0.24057;-42.58333;24.01406;48.06641
14503.00000;-0.52543;0.05029;-0.41857;-0.27057;-42.80882;24.22442;48.90975
14535.00000;-0.49657;0.04143;-0.44000;-0.27343;-43.11374;24.51781;50.08770
14561.00000;-0.46771;0.03257;-0.46143;-0.27629;-43.35385;24.75696;51.04791
14586.00000;-0.43886;0.02371;-0.48257;-0.27914;-43.57830;24.98759;51.97306
14609.00000;-0.41000;0.01514;-0.50343;-0.28200;-43.77931;25.20035;52.82516
14636.00000;-0.38257;0.00714;-0.52029;-0.28543;-44.00882;25.45083;53.82586
14662.00000;-0.35486;-0.00086;-0.53714;-0.28886;-44.22351;25.69278;54.78927
14687.00000;-0.32714;-0.00886;-0.55371;-0.29229;-44.42442;25.92611;55.71483
14709.00000;-0.29943;-0.01657;-0.57029;-0.29571;-44.59704;26.13200;56.52827
15735.00000;-0.27171;-0.02429;-0.58686;-0.29914;-48.84354;36.28439;92.79959
15761.00000;-0.24400;-0.03200;-0.60314;-0.30257;-48.85482;36.55563;93.67603
15784.00000;-0.21657;-0.03971;-0.61943;-0.30629;-48.86143;36.79610;94.44916
15807.00000;-0.18914;-0.04743;-0.63571;-0.31000;-48.86529;37.03699;95.22003
15831.00000;-0.16171;-0.05486;-0.65200;-0.31371;-48.86679;37.28877;96.02184
15856.00000;-0.13429;-0.06229;-0.66829;-0.31743;-48.86610;37.55138;96.85417
15881.00000;-0.10686;-0.06971;-0.68429;-0.32114;-48.86353;37.81427;97.68350
15907.00000;-0.07943;-0.07714;-0.70029;-0.32486;-48.85936;38.08784;98.54283
15932.00000;-0.05200;-0.08457;-0.71629;-0.32857;-48.85429;38.35094;99.36613
15964.00000;-0.02514;-0.09200;-0.73229;-0.33257;-48.84691;38.68758;100.41586
15989.00000;-0.07086;-0.09943;-0.76000;-0.33371;-48.84064;38.95037;101.23293
16013.00000;-0.12600;-0.14629;-0.74029;-0.35200;-48.83417;39.20243;102.01509
16037.00000;-0.14143;-0.12657;-0.71657;-0.38086;-48.82700;39.45429;102.79536
16061.00000;-0.12743;-0.15914;-0.70086;-0.36343;-48.81895;39.70597;103.57404
16085.00000;-0.07143;-0.22114;-0.70371;-0.32686;-48.81012;39.95751;104.35135
16109.00000;-0.01457;-0.21686;-0.77200;-0.36143;-48.80096;40.20904;105.12747
16132.00000;-0.02971;-0.25686;-0.77886;-0.31057;-48.79228;40.45031;105.87026
16157.00000;-0.00343;-0.22229;-0.78257;-0.29829;-48.78322;40.71299;106.67648
16186.00000;0.01686;-0.22571;-0.80286;-0.27171;-48.77323;41.01821;107.60994
16209.00000;-0.00943;-0.22943;-0.82314;-0.24514;-48.76571;41.26054;108.34896
16232.00000;0.03314;-0.23314;-0.84343;-0.21829;-48.75857;41.50299;109.08695
16256.00000;0.00457;-0.23714;-0.86371;-0.19143;-48.75155;41.75600;109.85609
16281.00000;0.00486;-0.24143;-0.88400;-0.16457;-48.74473;42.01949;110.65643
16305.00000;0.02657;-0.24571;-0.90429;-0.13771;-48.73864;42.27232;111.42408
16328.00000;0.07600;-0.25029;-0.92457;-0.11086;-48.73324;42.51446;112.15931
16352.00000;0.08514;-0.25514;-0.94457;-0.08400;-48.72808;42.76696;112.92623
16384.00000;0.03714;-0.26000;-0.96457;-0.05714;-48.72191;43.10332;113.94864
16409.00000;0.03629;-0.26000;-0.96457;-0.05743;-48.71764;43.36587;114.74738
16431.00000;0.03543;-0.26000;-0.96457;-0.05771;-48.71426;43.59675;115.45029
16455.00000;0.03457;-0.26000;-0.96486;-0.05800;-48.71099;43.84845;116.21714
16485.00000;0.03371;-0.26000;-0.96514;-0.05829;-48.70747;44.16282;117.17574
16507.00000;0.03286;-0.26000;-0.96543;-0.05857;-48.70530;44.39320;117.87874
16530.00000;0.03171;-0.26000;-0.96543;-0.05886;-48.70339;44.63389;118.61371
16555.00000;0.03057;-0.26000;-0.96543;-0.05914;-48.70171;44.89533;119.41261
16580.00000;0.02943;-0.26000;-0.96543;-0.05943;-48.70043;45.15659;120.21152
16602.00000;0.02800;-0.26000;-0.96543;-0.05971;-48.69963;45.38636;120.91456
16625.00000;0.02657;-0.26000;-0.96543;-0.06000;-48.69910;45.62643;121.64957
16651.00000;0.02514;-0.26000;-0.96543;-0.06000;-48.69886;45.89765;122.48046
16676.00000;0.02371;-0.26029;-0.96543;-0.06000;-48.69898;46.15828;123.27941
16700.00000;0.02229;-0.26057;-0.96543;-0.06000;-48.69939;46.40834;124.04643
16723.00000;0.02086;-0.26086;-0.96543;-0.06000;-48.70007;46.64783;124.78151
16763.00000;0.01943;-0.26114;-0.96543;-0.06000;-48.70183;47.06403;126.05998
16794.00000;0.01800;-0.26143;-0.96543;-0.06029;-48.70371;47.38629;127.05085
16819.00000;0.01657;-0.26171;-0.96543;-0.06057;-48.70554;47.64600;127.84998
16842.00000;0.01571;-0.26200;-0.96514;-0.06086;-48.70746;47.88478;128.58519
16867.00000;0.01486;-0.26229;-0.96486;-0.06114;-48.70981;48.14418;129.38436
16890.00000;0.01400;-0.26257;-0.96457;-0.06143;-48.71219;48.38268;130.11961
16914.00000;0.01314;-0.26286;-0.96429;-0.06171;-48.71490;48.63141;130.88685
16938.00000;0.01229;-0.26314;-0.96400;-0.06200;-48.71782;48.87999;131.65410
16962.00000;0.01143;-0.26343;-0.96371;-0.06229;-48.72094;49.12843;132.42137
16986.00000;0.01057;-0.26371;-0.96343;-0.06257;-48.72427;49.37671;133.18867
17010.00000;0.00971;-0.26400;-0.96314;-0.06286;-48.72780;49.62486;133.95598
17034.00000;0.00886;-0.26429;-0.96286;-0.06314;-48.73152;49.87285;134.72331
17060.00000;0.00800;-0.26457;-0.96257;-0.06314;-48.73575;50.14134;135.55461
17085.00000;0.00714;-0.26486;-0.96229;-0.06314;-48.74003;50.39933;136.35395
17110.00000;0.00629;-0.26514;-0.96200;-0.06314;-48.74450;50.65716;137.15333
17134.00000;0.00543;-0.26543;-0.96171;-0.06314;-48.74896;50.90452;137.92075
17156.00000;0.00457;-0.26543;-0.96143;-0.06314;-48.75318;51.13113;138.62426
17181.00000;0.00371;-0.26543;-0.96114;-0.06314;-48.75813;51.38847;139.42373
17214.00000;0.00286;-0.26543;-0.96086;-0.06314;-48.76489;51.72790;140.47912
17237.00000;0.00286;-0.26543;-0.96086;-0.06314;-48.76974;51.96429;141.21474
17261.00000;0.00286;-0.26543;-0.96086;-0.06314;-48.77492;52.21080;141.98239
17284.00000;0.00286;-0.26543;-0.96086;-0.06314;-48.78000;52.44690;142.71811
17310.00000;0.00286;-0.26543;-0.96114;-0.06314;-48.78586;52.71361;143.54983
17334.00000;0.00286;-0.26543;-0.96114;-0.06314;-48.79140;52.95964;144.31763
